Konum,ResimUrl
Eiffel Kulesi,https://csg.tinkercad.com/things/6SJPyfuQ41T/t725.png?rev=1586875870760000000&s=&v=1
Louvre Müzesi,https://upload.wikimedia.org/wikipedia/commons/thumb/6/66/Louvre_Museum_Wikimedia_Commons.jpg/800px-Louvre_Museum_Wikimedia_Commons.jpg
Pont Alexandre III,https://media.tacdn.com/media/attractions-splice-spp-674x446/0b/27/70/ca.jpg
Palais Garnier,https://res.cloudinary.com/opera-national-de-paris/image/upload/w_768/v1563286913/visites/accueil-garnier.jpg
Champs-Élysées,https://parisjetaime.com/data/layout_image/20120_Vue-a%C3%A9rienne-des-Champs-Elys%C3%A9es--630x405--%C2%A9-iStock.jpg
Sacre-Coeur Bazilikası,https://dynamic-media-cdn.tripadvisor.com/media/photo-o/06/83/34/41/basilica-del-sagrado.jpg?w=1200&h=-1&s=1
National Library of France,https://i.insider.com/63b78a0164499e001852d99e?width=700
Jardin des Tuileries,"https://static.wixstatic.com/media/ea8ea8_6f6c05cc11d24109bfdcee1b59c765e7~mv2.png/v1/fill/w_640,h_394,al_c,q_85,usm_0.66_1.00_0.01,enc_auto/ea8ea8_6f6c05cc11d24109bfdcee1b59c765e7~mv2.png"
Orsay Müzesi,https://upload.wikimedia.org/wikipedia/commons/thumb/9/9c/Pont_Royal_and_Mus%C3%A9e_d%27Orsay%2C_Paris_10_July_2020.jpg/800px-Pont_Royal_and_Mus%C3%A9e_d%27Orsay%2C_Paris_10_July_2020.jpg
Cité des Sciences et de l'Industrie,https://media.tacdn.com/media/attractions-splice-spp-674x446/07/b6/29/04.jpg
Jardin des Plantes,https://media.timeout.com/images/105489382/750/422/image.jpg
Palais-Royal,https://a.cdn-hotels.com/gdcs/production6/d591/f6002486-320e-4456-b7a1-1ca05f1ea8b7.jpg?impolicy=fcrop&w=800&h=533&q=medium
Centre Pompidou,https://images.adsttc.com/media/images/6515/ba44/7316/3253/1be0/7822/newsletter/architecture-classics-centre-georges-pompidou-renzo-piano-building-workshop-plus-richard-rogers_11.jpg?1695922762
Notre-Dame Katedrali,https://pbs.twimg.com/media/D6Xy6QIXkAAKYjM?format=jpg&name=small
Galeries Lafayette,https://haussmann.galerieslafayette.com/wp-content/uploads/2021/01/glasswalk-galeries-lafayette-1024x380.png
Musée de la Vie Romantique,https://museevieromantique.paris.fr/sites/default/files/slide_hp/visuel/mvr2020_hd_c_pierre_antoine_28.jpg
Le Procope,https://media-cdn.tripadvisor.com/media/photo-s/23/5f/4b/9e/terrasse.jpg
Passage des Panoramas,https://parisjetaime.com/data/layout_image/8189_Passage-des-Panoramas--630x405--%C2%A9-OTCP-Marc-Bertrand.jpg?ver=1687768829
Parc des Buttes-Chaumont,https://upload.wikimedia.org/wikipedia/commons/thumb/1/18/Passerelle_suspendue%2C_Buttes_Chaumont%2C_Paris_14_April_2014.jpg/640px-Passerelle_suspendue%2C_Buttes_Chaumont%2C_Paris_14_April_2014.jpg
Maison de Victor Hugo,https://media.timeout.com/images/105957072/750/422/image.jpg
Kolizeum,https://upload.wikimedia.org/wikipedia/commons/thumb/d/de/Colosseo_2020.jpg/800px-Colosseo_2020.jpg
Forum Romanum,https://cdn.kastatic.org/ka-perseus-images/a041d8d23d28990616b25f389b7f65f6ba211247.jpg
Aziz Petrus Meydanı,https://media.istockphoto.com/id/483930188/tr/foto%C4%9Fraf/saint-peters-square-rome.jpg?s=612x612&w=0&k=20&c=t8RXBs3UL7MiyRkUOHpQvY_yhY_53RHdBsdAfsRAj6I=
Piazza Navona,https://www.archeoroma.org/wp-content/uploads/2020/02/piazza-navona-roma-558x400.jpg
Pantheon,"https://static.wixstatic.com/media/e41b5c_670b7255302d44c498e3a6bc8c3e580f~mv2.jpg/v1/fill/w_700,h_466,al_c,q_80,usm_0.66_1.00_0.01,enc_auto/e41b5c_670b7255302d44c498e3a6bc8c3e580f~mv2.jpg"
Borghese Galerisi,https://turkishairlinesblog.b-cdn.net/wp-content/uploads/2022/08/borghese-galerisi.webp
İspanyol Merdivenleri,https://media-cdn.tripadvisor.com/media/photo-s/14/72/e7/cb/ispanyol-merdivenleri.jpg
Trevi Çeşmesi,https://lookaside.fbsbx.com/lookaside/crawler/media/?media_id=604456883219129
Lateran Bazilikası,https://media.tacdn.com/media/attractions-splice-spp-674x446/0b/2c/f0/15.jpg
Grand Place,https://upload.wikimedia.org/wikipedia/commons/thumb/2/26/Grand-Place%2C_Brussels_-_panorama%2C_June_2018.jpg/800px-Grand-Place%2C_Brussels_-_panorama%2C_June_2018.jpg
Piazza Venezia,"https://tourismmedia.italia.it/is/image/mitur/20220426095201-piazza-venezia-roma-lazio-shutterstock-340381193-1?wid=850&hei=500&fit=constrain,1&fmt=webp"
Diocletian Termal Hamamları,https://cdn.ca.emap.com/wp-content/uploads/sites/12/2015/08/diocletian-for-we_636_259783391.jpeg
Campidoglio,https://www.rome.net/f/italia/roma/guia/plaza-campidoglio-m.jpg
Sant'Angelo Köprüsü,"https://img.pixers.pics/pho_wat(s3:700/FO/71/03/40/00/700_FO71034000_29fd18150d164dc081b99dbdd42ae333.jpg,700,464,cms:2018/10/5bd1b6b8d04b8_220x50-watermark.png,over,480,414,jpg)/stickers-river-tiber-ponte-sant-angelo-and-st-peter-s-basilica.jpg.jpg"
Santa Maria della Concezione dei Cappuccini Kilisesi,https://www.shutterstock.com/image-photo/santa-maria-delle-grazie-holy-260nw-2388575099.jpg
Villa Borghese,https://www.archeoroma.org/wp-content/uploads/2020/02/villa-borghese-monuments-fountains-temple-of-aesculapius-558x400.jpg
Sant'Andrea delle Fratte Kilisesi,https://religiana.com/sites/default/files/styles/features_image_medium/public/images/2020-05/2291.jpg?itok=I6RXsBcL
MAXXI - Ulusal 21. Yüzyıl Sanat Müzesi,https://i.pinimg.com/736x/67/77/3c/67773c19f4e10569ba399cd9fbfd545c.jpg
Lateran Sarayı,https://upload.wikimedia.org/wikipedia/commons/thumb/f/f1/Lateran_Palace_medieval.jpg/440px-Lateran_Palace_medieval.jpg
Porta Portese Pazarı,https://media.timeout.com/images/105462005/750/422/image.jpg
Buckingham Sarayı,https://www.shutterstock.com/image-photo/buckingham-palace-gate-600w-548371165.jpg
Big Ben,https://assets.dm.rccl.com/is/image/RoyalCaribbeanCruises/royal/content/destinations/british-isles/view-big-ben-westminster-bridge-sunny-day-united-kingdom.jpg?$800x450$
British Museum,https://cdn.londonandpartners.com/asset/british-museum_museum-frontage-image-courtesy-of-the-british-museum_f0b0a5a3c53f8fc1564868c561bd167c.jpg
Tower Bridge Exhibition,https://www.towerbridge.org.uk/sites/default/files/styles/focal_point_4_3_small/public/2022-08/%C2%A9Totman_080520_031.jpg?h=69f2b9d0&itok=LWphawNU
Hyde Park,https://upload.wikimedia.org/wikipedia/commons/thumb/f/f3/Hyde_Park_London_from_the_air.jpg/800px-Hyde_Park_London_from_the_air.jpg
Tate Modern,https://media.tate.org.uk/aztate-prd-ew-dg-wgtail-st1-ctr-data/images/tate-modern-extension-herzog-de-meuron-london-.width-600_V6eqx5i.jpg
London Eye,https://media.tacdn.com/media/attractions-splice-spp-674x446/0f/36/c2/60.jpg
Victoria and Albert Museum,https://cdn.londonandpartners.com/asset/victoria-and-albert-museum_victoria-and-albert-museum-copyright-visitlondoncomjon-reid_78c4c8562049a1d22347a72bdb8c07e6.jpg
Westminster Abbey,https://cdn.londonandpartners.com/asset/westminster-abbey_westminster-abbey-copyright-shutterstock-image-courtesy-of-shutterstock_9ac64ccf26eadb50669d288736e98f65.jpg
Barbican Sanat Merkezi,https://upload.wikimedia.org/wikipedia/commons/thumb/2/2e/Barbican-arts-centre-large.jpg/640px-Barbican-arts-centre-large.jpg
Tower of London,https://upload.wikimedia.org/wikipedia/commons/thumb/e/ec/Tower_of_London_from_the_Shard_%288515883950%29.jpg/800px-Tower_of_London_from_the_Shard_%288515883950%29.jpg
Oxford Street,https://a.cdn-hotels.com/gdcs/production45/d1137/7c1039aa-d24a-480f-9ecd-85052c85e0f6.jpg?impolicy=fcrop&w=800&h=533&q=medium
Elizabeth Kulesi,https://i.ytimg.com/vi/iPitmjbkKDE/sddefault.jpg
Shakespeare's Globe Tiyatrosu,https://upload.wikimedia.org/wikipedia/commons/6/6f/Hollar_Long_View_detail.png
Saint Paul Katedrali,https://upload.wikimedia.org/wikipedia/commons/thumb/c/cb/St_Pauls_aerial_%28cropped%29.jpg/640px-St_Pauls_aerial_%28cropped%29.jpg
Royal Albert Hall,https://d3d00swyhr67nd.cloudfront.net/_source/artuk_stories/RAH-0.jpg
Trafalgar Meydanı,https://upload.wikimedia.org/wikipedia/commons/thumb/d/d0/Nelson%27s_Column_Looking_Towards_Westminster_-_Trafalgar_Square_-_London_-_240404.jpg/640px-Nelson%27s_Column_Looking_Towards_Westminster_-_Trafalgar_Square_-_London_-_240404.jpg
London Bridge,https://www.towerbridge.org.uk/sites/default/files/styles/focal_point_4_3_small/public/2022-09/_A9A8329-2.jpg?h=80387dee&itok=2szwaji4
The Shard,https://a.cdn-hotels.com/gdcs/production179/d1411/c68e9e55-a20c-45de-8e3b-f4a6bd832b36.jpg?impolicy=fcrop&w=800&h=533&q=medium
Admiralty Arch,https://adastrapermundum.files.wordpress.com/2019/04/admiraltyarchrabbit75_ististockgettyimagesplusgettyimages.jpg
Royal Museum of Fine Arts,https://media.tacdn.com/media/attractions-splice-spp-674x446/0b/27/a6/61.jpg
Palais de Justice,https://upload.wikimedia.org/wikipedia/commons/thumb/5/57/Palais_de_Justice_from_Hilton.jpg/640px-Palais_de_Justice_from_Hilton.jpg
Rue Neuve,https://thebulletin.be/sites/default/files/styles/big_article/public/800px-rue_neuve_en_2020.jpg?itok=QPl8snbh
Parc de Bruxelles,https://dynamic-media-cdn.tripadvisor.com/media/photo-o/03/b6/f1/c0/parc-de-bruxelles.jpg?w=1200&h=-1&s=1
St. Michael ve St. Gudula Katedrali,https://media.tacdn.com/media/attractions-splice-spp-674x446/0b/83/1a/1b.jpg
Manneken Pis,https://www.introducingbrussels.com/f/belgica/bruselas/guia/manneken-pis-m.jpg
Atomium,https://d1dzh206jt2san.cloudfront.net/posts-images/743X483/1123_1562577062B8t8T.jpg
Brüksel Marolles Pazarı,https://image.jimcdn.com/app/cms/image/transf/dimension=434x10000:format=jpg/path/sa6549607c78f5c11/image/ia6a6cc4273527f7f/version/1445788847/top-things-to-do-in-brussels-city-hall-copyright-sebastien-beun.jpg
Delirium Bira Fabrikası,https://lookaside.fbsbx.com/lookaside/crawler/media/?media_id=380440224265526
Brüksel Kraliyet Sarayı,https://navicup.com//upload/map-files/images/2173/image_177.png
City 2 Alışveriş Merkezi,https://media-cdn.tripadvisor.com/media/photo-s/21/cc/f3/54/hilton-istanbul-bakirkoy.jpg
UGC De Brouckère Sineması,https://static.boredpanda.com/blog/wp-content/uploads/2015/01/Grand-Eldorado__880.jpg
Dansaert Alışveriş Sokakları,https://st4.depositphotos.com/26724624/28320/i/450/depositphotos_283204318-stock-photo-shoppers-rue-dansaert-main-shopping.jpg
Spirito Brüksel,https://www.yatzer.com/sites/default/files/article_images/2252/Spirito---Martino-Belgium-by--Puresang-team-yatzer_1.jpg
La Monnaie Opera,https://upload.wikimedia.org/wikipedia/commons/thumb/8/87/Th%C3%A9%C3%A2tre_de_la_Monnaie_1.JPG/640px-Th%C3%A9%C3%A2tre_de_la_Monnaie_1.JPG
Port de Bruxelles Köprüsü,https://www.cadtm.org/local/cache-vignettes/L640xH480/arton22210-7a12a.jpg?1705486401
Mannken Pis Heykeli,https://cdn-us0.puzzlegarage.com/img/puzzle/0/3136_preview.v2.jpg
Forest National Konser Salonu,https://i.ytimg.com/vi/NDp6kTgc--A/sddefault.jpg
Place Royale,https://afar.brightspotcdn.com/dims4/default/29ac932/2147483647/strip/true/crop/728x500+36+0/resize/660x453!/quality/90/?url=https%3A%2F%2Fafar-media-production-web.s3.us-west-2.amazonaws.com%2Fbrightspot%2Ff5%2Fa4%2F9b1d38929de0166b544089e484ec%2Foriginal-086b47fe0c2289d0ca4c69320339d723.jpg
Hotel Amigo,https://static-new.lhw.com/HotelImages/Final/LW0203/lw0203_80212690_720x450.jpg
Ibis Hotel Bruxelles Centre Gare Midi,https://dynamic-media-cdn.tripadvisor.com/media/photo-o/1d/c3/d0/38/exterior-view.jpg?w=700&h=-1&s=1
Hotel Hubert Grand Place,https://dynamic-media-cdn.tripadvisor.com/media/photo-o/28/95/7e/45/h-hubert.jpg?w=700&h=-1&s=1
Warwick Brussels,https://dynamic-media-cdn.tripadvisor.com/media/photo-o/10/a2/27/c9/our-elegant-classic-rooms.jpg?w=700&h=-1&s=1
Chez Léon Restoranı,https://media-cdn.tripadvisor.com/media/photo-s/16/dc/cc/ec/leon-gerpinnes-cuisine.jpg
Noordzee Mer du Nord,https://media-cdn.tripadvisor.com/media/photo-s/02/86/80/b3/filename-387-jpg-thumbnail0.jpg
La Roue d'Or Restoranı,https://media-cdn.tripadvisor.com/media/photo-s/1a/ec/df/eb/20200217-185803-largejpg.jpg
Brasserie De La Patinoire,https://www.boisdelacambre.brussels/wp-content/uploads/2018/02/brasserie_patinoire_01-large.jpg
Fritland,https://media-cdn.tripadvisor.com/media/photo-s/1a/1c/eb/54/fritland.jpg
Rådhuspladsen,https://upload.wikimedia.org/wikipedia/commons/thumb/3/3d/Copenhagen_City_Hall_on_R%C3%A5dhuspladsen_%28City_Hall_Square%29_2.jpg/800px-Copenhagen_City_Hall_on_R%C3%A5dhuspladsen_%28City_Hall_Square%29_2.jpg
Ny Carlsberg Glyptotek,https://upload.wikimedia.org/wikipedia/commons/thumb/2/24/Glyptoteket_palme.JPG/640px-Glyptoteket_palme.JPG
Amalienborg Sarayı,https://cdn.getyourguide.com/img/tour/0d1ff1b1858564c5.jpeg/146.jpg
Strøget,https://upload.wikimedia.org/wikipedia/commons/thumb/9/9d/Str%C3%B8get%2C_Copenhagen.jpg/800px-Str%C3%B8get%2C_Copenhagen.jpg
Tivoli Bahçeleri,https://i0.wp.com/whereivebeentravel.com/wp-content/uploads/2019/05/tivoli11.jpg?fit=800%2C534&ssl=1
Kopenhag Katedrali,https://upload.wikimedia.org/wikipedia/commons/thumb/c/cb/St_Pauls_aerial_%28cropped%29.jpg/640px-St_Pauls_aerial_%28cropped%29.jpg
Kopenhag Sefaleti,https://www.insightturkey.com/images/news/2021/09/22/onder-4.jpg
Küçük Denizkızı Heykeli,https://static.birgun.net/resim/haber-detay-resim/2020/01/13/kopenhag-daki-kucuk-deniz-kizi-heykelinin-uzerine-ozgur-hong-kong-yazildi-674571-5.jpg
Kopenhag Pazarı,https://www.shutterstock.com/image-photo/tirana-albania-june-21-2021-600nw-2091877399.jpg
Carlsberg Bira Fabrikası,https://www.arkitera.com/wp-content/uploads/2020/06/Theodorahus02.jpg
Rosenborg Kalesi,https://cdn.ytur.net/fit-in/697x465/filters:quality(100)/filters:format(webp)/post/rosenborg-kalesi-220405-214853-9516.jpg
Amager Strand Plajı,https://media.gettyimages.com/id/76194930/photo/holidaymakers-on-cleopatra-beach-looking-towards-kale-citadel-alanya-antalya-turkey-middle-east.jpg?s=612x612&w=gi&k=20&c=PtvtjdSZE5qFhvkj1ZA7C3p4cA_W_cAsRBvQ_Cmhlws=
Bella Center,https://www.koebt.com/wp-content/uploads/2020/12/bc3.jpg
Søerne Gölü,https://upload.wikimedia.org/wikipedia/commons/thumb/e/e9/ISS066-E-91633_-_View_of_Egypt.jpg/800px-ISS066-E-91633_-_View_of_Egypt.jpg
Dyrehaven Ormanı,https://www.shutterstock.com/image-photo/autumn-view-belgrad-forest-turkish-260nw-2416115063.jpg
Refshaleøen Adası,https://cdn.highpass.events/media/cache/13/59/1359e7e7e3cae3aff554c807562ccfe2.jpg
Kraliyet Sarayı,https://media-cdn.tripadvisor.com/media/photo-s/19/76/19/e0/madrid-kraliyet-sarayi.jpg
Oude Kerk,https://a.cdn-hotels.com/gdcs/production71/d754/ef078588-8eea-4a07-a29b-1454f8a6c6ec.jpg?impolicy=fcrop&w=800&h=533&q=medium
Stræder Tarihi Sokakları,https://media-cdn.tripadvisor.com/media/photo-s/16/5d/4e/f9/tarihi-fes-sehrinin-daracik.jpg
Bella Sky Comwell Hotel,https://www.hotelmanagement-network.com/wp-content/uploads/sites/25/2017/12/1-Bendy-towers.jpg
Kraliyet Danimarka Opera Binası,https://cdn.ytur.net/fit-in/697x465/filters:quality(100)/filters:format(webp)/post/kopenhag-opera-binasi-220405-214708-7905.jpg
Rundetaarn,https://t4.ftcdn.net/jpg/02/56/24/97/360_F_256249760_6Exutj2HoAIK2d6OLDVsNr1Iv6DnbxGY.jpg
Tivoli Otel,https://dynamic-media-cdn.tripadvisor.com/media/photo-o/0f/09/e1/9f/tivoli-hotel.jpg?w=700&h=-1&s=1
AC Hotel Bella Sky Copenhagen,https://dynamic-media-cdn.tripadvisor.com/media/photo-o/29/24/ed/68/exterior.jpg?w=700&h=-1&s=1
Scandic Palace Hotel,https://cf.bstatic.com/xdata/images/hotel/max500/280481712.jpg?k=06fb9ed9dd30fcdba180ff435935a5560c174125bfef83e2b706fe7266c96384&o=&hp=1
Copenhagen Island Hotel,https://dynamic-media-cdn.tripadvisor.com/media/photo-o/11/49/ea/40/copenhagen-island.jpg?w=700&h=-1&s=1
Noma Restoranı,https://static01.nyt.com/images/2023/01/12/multimedia/12bruni-newsletter-1-klvm/12bruni-newsletter-1-klvm-articleLarge.jpg?quality=75&auto=webp&disable=upscale
Kopenhag Balık Pazarı Restoranı,https://st3.depositphotos.com/4118055/15613/i/450/depositphotos_156130742-stock-photo-cinnamon-danish-swirls-croissants-and.jpg
Schönbrunn Hayvanat Bahçesi,https://lookaside.fbsbx.com/lookaside/crawler/media/?media_id=1934293500017428
Schönbrunn Sarayı,https://www.schoenbrunn.at/fileadmin/content_schoenbrunn/Das_Schloss/Ehrenhof_Brunnen_West.jpg
Viyana Devlet Operası,https://simeonmorrow.files.wordpress.com/2021/05/csm_zuschauerraum_leer-mp_ganz_1e5c8baf48.jpg?w=540
Viyana Sanat Tarihi Müzesi,https://upload.wikimedia.org/wikipedia/commons/thumb/2/21/IMG_0089_-_Wien_-_Kunsthistorisches_Museum.JPG/640px-IMG_0089_-_Wien_-_Kunsthistorisches_Museum.JPG
Zentralfriedhof,https://www.visitingvienna.com/wp-content/uploads/2022/05/friedhofskirche.jpg
Hofburg Sarayı,https://upload.wikimedia.org/wikipedia/commons/thumb/3/31/Wien_-_Neue_Hofburg.JPG/800px-Wien_-_Neue_Hofburg.JPG
Viyana Çocuk Müzesi,https://cdn.getyourguide.com/img/tour/5efefbe6657fa.jpeg/146.jpg
Leopold Müzesi,https://upload.wikimedia.org/wikipedia/commons/thumb/4/43/Wien_07_Leopold_Museum_a.jpg/640px-Wien_07_Leopold_Museum_a.jpg
Viyana Müzik Enstrümanları Müzesi,https://www.sanattanyansimalar.com/images/haberler/Mu%CC%88ziksev'den%202.jpg
Schönbrunn Sarayı Bahçeleri,https://cdn.getyourguide.com/img/tour/63850a10677341a2.jpeg/97.jpg
Stephansplatz Meydanı,https://a.cdn-hotels.com/gdcs/production68/d1190/c23fddfd-36a8-41c0-94f8-01e3a14e49e5.jpg?impolicy=fcrop&w=800&h=533&q=medium
Kärntner Straße,https://www.viennaitineraries.com/Photos/Austria/Vienna/Karntner-Street.jpg
Mozart Haus,https://www.visitingvienna.com/wp-content/uploads/2022/02/mozarthaus.jpg
Wiener Musikverein,https://upload.wikimedia.org/wikipedia/commons/thumb/a/a4/Wien_-_Haus_des_Wiener_Musikvereins_%281%29.JPG/800px-Wien_-_Haus_des_Wiener_Musikvereins_%281%29.JPG
Schönbrunn Botanik Bahçesi,https://cdn.getyourguide.com/img/tour/63850a10677341a2.jpeg/97.jpg
Teknoloji Müzesi,https://media-cdn.tripadvisor.com/media/photo-s/0d/11/11/e8/galeri.jpg
Schönbrunn Palm House,https://www.travelwriticus.com/wp-content/uploads/vienna-schoenbrunn-palm-house.jpg
Doğa Tarihi Müzesi,https://upload.wikimedia.org/wikipedia/commons/thumb/0/07/Museum_of_Natural_History%2C_Paris_August_2013_002.jpg/640px-Museum_of_Natural_History%2C_Paris_August_2013_002.jpg
Viyana Müzikverein,https://i.pcmag.com/imagery/lineupitems/06EK9g4VKgZMrsWtKcXpMVf.fit_lim.size_1050x578.v1569506599.jpg
Viyana Müzik Enstrümanları Müzesi,https://www.sanattanyansimalar.com/images/haberler/Mu%CC%88ziksev'den%202.jpg
Rijksmuseum,https://media.tacdn.com/media/attractions-splice-spp-674x446/12/33/94/d5.jpg
Keukenhof Bahçeleri,https://gobargingwp-s3.s3.eu-west-1.amazonaws.com/wp-content/uploads/2022/12/Keukenhoff-Gardens-and-Windmill.jpg
Dam Meydanı,https://www.dutchamsterdam.nl/i/aa/2024/02/Dam-Square-Amsterdam-680x383.jpg
Van Gogh Müzesi,https://cdn.getyourguide.com/img/tour/64a2a7aa1a98c.jpeg/97.jpg
Albert Cuyp Pazarı,https://a.cdn-hotels.com/gdcs/production49/d1693/4deeab9d-6415-47e8-9136-3760d845bfe2.jpg?impolicy=fcrop&w=800&h=533&q=medium
Eye Film Müzesi,https://media.tacdn.com/media/attractions-splice-spp-674x446/0b/39/9a/51.jpg
Kanal Turları,https://cdn.getyourguide.com/img/tour/643fa09a4a0aa.jpeg/146.jpg
Heineken Experience,https://cdn.getyourguide.com/img/tour/b10d5d4a331d1abc.jpeg/97.jpg
Jordaan Mahallesi,https://ak-d.tripcdn.com/images/220p1e000001fgjzm94EB_R_550_412_R5.jpg
Amsterdam Akvaryumu,https://cdn.getyourguide.com/img/tour/7f4b0ef525c04eda.jpeg/97.jpg
Tony's Chocolonely Fabrikası,https://static.tonyschocolonely.com/images/12561b147//bar/en_US/bar.png
Amsterdam Çiçek Pazarı,https://images.freeimages.com/images/premium/previews/2388/23885367-flower-market-amsterdam-netherlands.jpg
Concertgebouw,https://d35w1qwxagl33g.cloudfront.net/common/_640x386_crop_center-center_none/Virtual-Tour_Balkon_Home-5.jpg?stamp=2110261657&tag=xs
Madame Tussauds Amsterdam,"https://res.klook.com/image/upload/c_fill,w_750,h_500/q_80/w_80,x_15,y_15,g_south_west,l_Klook_water_br_trans_yhcmh3/activities/ms5dfalun7zluxxrok4e.jpg"
Van Gogh Müzesi,https://cdn.getyourguide.com/img/tour/64a2a7aa1a98c.jpeg/97.jpg
Artis Hayvanat Bahçesi,https://cdn.getyourguide.com/img/tour/68dfb56630c82ed49e92fcfc8e8617c3ea0b58fe0c0965ce0729a03cb80e5324.jpg/97.jpg
Stedelijk Müze,https://images.adsttc.com/media/images/5152/7426/b3fc/4bd0/6600/004e/newsletter/JHML1209-0172.jpg?1413995509
Amsterdam Canal Cruise,https://img.youtube.com/vi/N6GRtqapgwk/sddefault.jpg
Sagrada Familia,https://www.sacyr.com/documents/121856245/121935575/IMG+0+Sagrada+Familia.jpg/581b6a0d-6ea2-c8c8-e24d-af942bebb396?t=1680604818400
Catalunya Meydanı,https://upload.wikimedia.org/wikipedia/commons/thumb/5/5d/Catalunya_Barcelona1_tango7174.jpg/450px-Catalunya_Barcelona1_tango7174.jpg
Park Güell,https://media.tacdn.com/media/attractions-splice-spp-674x446/0b/27/60/bb.jpg
Barceloneta Plajı,https://www.interbustur.com/wp-content/uploads/2018/02/barceloneta-plaj%C4%B1.jpg
Glòries Alışveriş Merkezi,https://media.tacdn.com/media/attractions-splice-spp-674x446/0b/bb/6c/a3.jpg
Sant Pau Hastanesi,https://www.barcelona.de/images/hospital-sant-pau/480300-hospital-sant-pau-eingang.jpg
Camp Nou,https://upload.wikimedia.org/wikipedia/commons/thumb/a/ad/Camp_Nou_aerial.jpg/640px-Camp_Nou_aerial.jpg
El Raval Mahallesi,https://upload.wikimedia.org/wikipedia/commons/thumb/e/ed/Indiocarrerdelcarme.JPG/640px-Indiocarrerdelcarme.JPG
Montjuïc Kalesi,https://cdn.ytur.net/fit-in/697x465/filters:quality(100)/filters:format(webp)/post/montjuic-kalesi-220311-130739-0485.jpg
Palau de la Música Catalana,https://upload.wikimedia.org/wikipedia/commons/thumb/2/27/22_11_01_Palau_DSCF2611_52502512616_cc1e7db845_k.jpg/800px-22_11_01_Palau_DSCF2611_52502512616_cc1e7db845_k.jpg
Gothic Quarter,https://veronikasadventure.com/wp-content/uploads/2024/01/barcelona-gothic-quarter-walking-tour.jpg
Barcelona Denizcilik Müzesi,https://www.barcelona-tourist-guide.com/images/int/attractions/maritime-museum/L550/maritime-museum-barcelona-0914.jpg
Casa Batlló,https://www.througheternity.com/upload/CONF83/20231114/casa_battlo_barcelona_gaudi_5-tSa-730X490.jpeg
Gran Teatre del Liceu,https://media.tacdn.com/media/attractions-splice-spp-674x446/0b/39/93/70.jpg
MACBA (Barcelona Modern Sanat Müzesi),https://cdn.getyourguide.com/img/tour/ecd781deba7f3ad9.jpeg/97.jpg
Fira de Barcelona,https://estatics-nasia.dtibcn.cat/nasia-pro/media/2015%2C05%2C25191200%2CFira-de-Montju%25C3%25AFc-1-760x428.jpg
El Poblenou Mahallesi,https://fastly.4sqi.net/img/general/699x268/26253813_tS2Tx7Q2dsgp43QF1eEk-xPyd8minyOffMmeEWvu1no.jpg
CosmoCaixa Barcelona,https://cdn02.visitbarcelona.com/files/5531-4093-imagenCAT/BarcelonaCosmoCaixa-T24-d_O.jpg
Tibidabo Kilisesi,https://www.interbustur.com/wp-content/uploads/2018/02/tibidabo.jpg
La Boqueria Pazarı,https://i.pinimg.com/736x/8d/e0/90/8de090af1d9d89d083f89a0c52c6f41f.jpg
Aziz Vitus Katedrali,https://media-cdn.sygictraveldata.com/media/640x560/612664395a40232133447d33247d383335393537363731
Prag Astronomik Saati,https://i.ytimg.com/vi/H-i-o7gJM1o/hqdefault.jpg
Prag Ulusal Galerisi,https://www.interbustur.com/wp-content/uploads/2017/11/prag-ulusal-m%C3%BCzesi.jpg
Eski Şehir Meydanı,https://www.interbustur.com/wp-content/uploads/2017/11/prag-eski-%C5%9Fehir-meydan%C4%B1.jpg
Karl Köprüsü,https://i.ytimg.com/vi/Xm59vz-Utnk/hqdefault.jpg
Petřín Kulesi,https://cdn.getyourguide.com/img/tour/63bd88cd6a093.jpeg/146.jpg
Václav Meydanı,https://gezimanya.com/sites/default/files/styles/800x600_/public/gezilecek-yerler/2020-02/wenceslas-meydani.jpg
Prag Kalesi,https://www.flypgs.com/blog/wp-content/uploads/2016/07/Ba%C5%9Fl%C4%B1-Ba%C5%9F%C4%B1na-Bir-%C5%9Eehir-Prag-Kalesi.jpg
Josefov,https://upload.wikimedia.org/wikipedia/commons/thumb/7/78/Jarom%C4%9B%C5%99_Josefov_from_air_3.jpg/800px-Jarom%C4%9B%C5%99_Josefov_from_air_3.jpg
Valdštejnská sarayı,https://upload.wikimedia.org/wikipedia/commons/8/8c/Valdstejnsky_Palace_garden_lake.jpg
Kraliyet Sarayı (Národní Galerie),https://i.ccdn.cz/acm/65/833317/l0.jpg
Franz Kafka Müzesi,https://cms.visitczechia.com/cms/getmedia/D5773D95-5DAB-4661-AF74-F674A249AA50/c-prague-franz-kafka-museum-1.jpg?width=800&height=458&ext=.jpg
Altan Kulesi,https://live.staticflickr.com/3744/12936696024_7dd4f11911_z.jpg
Žižkov Televizyon Kulesi,https://cdn.getyourguide.com/img/tour/63bd88cd6a093.jpeg/146.jpg
Prag Estates Tiyatrosu,https://navicup.com//upload/map-files/images/2165/image_142.png
Staroměstská saat kulesi,https://st2.depositphotos.com/6787284/11608/i/450/depositphotos_116085516-stock-photo-prague-astronomical-clock.jpg
Náměstí Míru Meydanı,https://media.istockphoto.com/id/1282568473/photo/catholic-church-gothic-cathedral-of-st-ludmila-at-peace-square-vinohrady-quarter-in-the.jpg?s=612x612&w=is&k=20&c=Pm5izyfcLPEvl8GqUNjBAtGU8aHyLG9Nigyx_Ne4LG4=
Dancing House,https://www.dancinghousehotel.com/files-sbbasic/sr_dancinghousehotel_com/2016_04_14_4970_5ds_r.jpg?w=506
Prag Bahar Festivali,https://mediap.flypgs.com/850//files/etkinlik_gorselleri/Prag-Bahar--Muzik-Festivali-2000px.jpg
Gün Batımı Restoranı,https://media-cdn.tripadvisor.com/media/photo-s/06/38/5b/78/getlstd-property-photo.jpg
Kaiser Wilhelm Memorial Kilisesi,https://cdn.pixabay.com/photo/2021/10/12/15/59/kaiser-wilhelm-memorial-church-6703916_640.jpg
Berlin Duvarı Anıtı,https://media-cdn.tripadvisor.com/media/photo-s/06/e2/82/48/berlin-duvari-aniti.jpg
Deutsches Technikmuseum Berlin,https://www.berlin.de/binaries/asset/image_assets/7974342/ratio_4_3/1684133246/800x600/
Brandenburg Kapısı,https://upload.wikimedia.org/wikipedia/commons/thumb/a/a6/Brandenburger_Tor_abends.jpg/800px-Brandenburger_Tor_abends.jpg
Berlin Katedrali,https://www.berlin.de/binaries/asset/image_assets/6431736/source/1643977486/1000x500/
Altes Müzesi,https://www.museumsinsel-berlin.de/fileadmin/user_upload/gebaeude/altes_museum/am_teaser.jpg
Berlin Hayvanat Bahçesi,https://st3.depositphotos.com/6268724/14662/i/450/depositphotos_146620697-stock-photo-entrance-to-the-berlin-zoological.jpg
Sovyet Savaş Anıtı,https://cdn.getyourguide.com/img/tour/5d6d13a9b46c8.jpeg/97.jpg
Berlin Filarmoni,https://images.adsttc.com/media/images/5037/fabf/28ba/0d59/9b00/0766/newsletter/stringio.jpg?1414206709
Kurfürstendamm,https://www.visitberlin.de/system/files/styles/visitberlin_content_image_medium_visitberlin_mobile_1x/private/image/_MG_8416_DL_PPT_0.jpg?itok=9bCZZNgq
KaDeWe,https://www.across-magazine.com/wp-content/uploads/2023/10/KaDeWe-740x400-1.png
Friedrichstraße,https://www.visitberlin.de/system/files/styles/visitberlin_content_image_medium_visitberlin_mobile_1x/private/image/BTM_c_Scholvien.%28357%29_DL_PPT_2.jpg?itok=0-s7yygy
Berlinische Galerie,https://www.visitberlin.de/system/files/styles/visitberlin_content_image_medium_visitberlin_mobile_1x/private/image/Ausstellungsraum_c_Berlinische_Galerie_Foto_Noshe_0.jpg?itok=9RT4yvY2
Berliner Dom,https://upload.wikimedia.org/wikipedia/commons/thumb/9/95/Berliner_Dom_von_Humboldt-Box_%2850MP%29.jpg/640px-Berliner_Dom_von_Humboldt-Box_%2850MP%29.jpg
Yahudi Anıtı,https://upload.wikimedia.org/wikipedia/commons/thumb/a/a5/Memorial_to_the_murdered_Jews_of_Europe.jpg/800px-Memorial_to_the_murdered_Jews_of_Europe.jpg
Mercedes-Benz Müzesi,https://live.staticflickr.com/4094/4748025703_830473f93e_w.jpg
C/O Berlin,https://www.co-berlin.org/sites/default/files/styles/ct_landingpage_layout_visit/public/2021-01/_VB_0096_Bookshop_DvB.jpg?itok=was5XjSg
Tiergarten,https://www.visitberlin.de/system/files/styles/visitberlin_bleed_header_visitberlin_mobile_1x/private/image/Siegessauele_Tiergarten_c_Scholvien%20%2837%29_web.jpg?h=2e4af638&itok=kEArcbEf
Friedrichstraße,https://www.visitberlin.de/system/files/styles/visitberlin_content_image_medium_visitberlin_mobile_1x/private/image/BTM_c_Scholvien.%28357%29_DL_PPT_2.jpg?itok=0-s7yygy
Gellért Termal Hamamları,https://media-cdn.tripadvisor.com/media/photo-s/0b/9f/e9/17/dsc00284-1-01-largejpg.jpg
Dohány Sokağı Sinagogu,https://www.shutterstock.com/image-photo/08302022-budapest-hungary-inside-dohany-600nw-2195664343.jpg
Váci Caddesi,https://gezimanya.com/sites/default/files/styles/800x600_/public/gezilecek-yerler/2021-07/vaci-utca.jpg
Hősök tere,https://media.tacdn.com/media/attractions-splice-spp-674x446/0b/27/5b/3b.jpg
Macaristan Parlamento Binası,https://upload.wikimedia.org/wikipedia/commons/thumb/b/ba/HUN-2015-Budapest-Hungarian_Parliament_%28Budapest%29_2015-02.jpg/640px-HUN-2015-Budapest-Hungarian_Parliament_%28Budapest%29_2015-02.jpg
Margit Adası,https://www.gpsmycity.com/img/gd/1467.jpg
Macar Devlet Operası,https://www.bizevdeyokuz.com/wp-content/uploads/budapeste-macaristan-devlet-opera-binasi.jpg
St. Stephen's Bazilikası,https://en.pimg.jp/097/124/170/1/97124170.jpg
Fisherman's Bastion,https://www.historyhit.com/app/uploads/bis-images/5156477/Fishermans-Bastion-788x537.jpg?x42209
Budapest Alışveriş Merkezi,https://media-cdn.tripadvisor.com/media/photo-s/17/ef/c8/ba/kentpark-alisveris-merkezi.jpg
St. Stephen's Basilica,https://budapestconcert.com/wp-content/uploads/2016/11/Basilica-by-M-Petravsko-640x330.jpg
Macaristan Milli Galerisi,https://cdn.ytur.net/fit-in/697x465/filters:quality(100)/filters:format(webp)/post/macar-ulusal-galerisi-230218-135526-5333.jpg
Millennium Anıtı,https://img.edilportale.com/product-thumbs/h_MILLENNIUM-BAGATTINI-528446-rel628bf294.jpg
Budapeşte Hayvanat Bahçesi,https://st3.depositphotos.com/9251182/15470/i/450/depositphotos_154708958-stock-photo-a-group-of-giraffes-eating.jpg
Városliget Parkı,https://media.tacdn.com/media/attractions-splice-spp-674x446/0b/27/a5/7f.jpg
Budapeşte Zincir Köprüsü,https://www.bizevdeyokuz.com/wp-content/uploads/chain-bridge-budapeste-gunduz1.jpg
Tramvay No- 2,https://i0.shbdn.com/photos/28/56/79/x5_1129285679ajf.jpg
Dreher Bira Fabrikası,https://media-cdn.tripadvisor.com/media/photo-s/09/02/0e/47/sarajevska-pivara.jpg
Szimpla Kert,https://ruinbarsbudapest.com/wp-content/uploads/2016/06/Szimpla-Kert-Ruin-Bar-Budapest-1.png
Szent István Tér,https://i.pinimg.com/originals/07/2f/22/072f2281bb5d65ec89a8e041f6bbfa23.jpg
Dublin Kalesi,https://cdn.ytur.net/fit-in/697x465/filters:quality(100)/filters:format(webp)/post/dublin-kalesi-220403-210338-6662.jpg
Ulusal Müze,https://www.interbustur.com/wp-content/uploads/2017/11/prag-ulusal-m%C3%BCzesi.jpg
Grafton Street,https://upload.wikimedia.org/wikipedia/commons/thumb/c/c4/Grafton_St%2C_Dublin.jpg/640px-Grafton_St%2C_Dublin.jpg
Christ Church Katedrali,https://media.istockphoto.com/id/463087837/photo/baroque-jesus-church-palermo-italy.jpg?s=612x612&w=0&k=20&c=EtMGiPpxO-uRbUHHeHR1Uyz8_HVz0V__beF8mudk-2c=
Halfpenny Köprüsü,https://upload.wikimedia.org/wikipedia/commons/b/b4/Halfpenny_Bridge%2C_Lechlade.jpg
Phoenix Parkı,https://www.phoenix.gov/piosite/MediaAssets/FinalFourArt/ff_parking.jpg
Dame Meydanı,https://www.airpano.com/files/paris-france/image3a.jpg
Henry Street,https://www.henrystreet.org/wp-content/uploads/2019/12/About-Headquarters-2020-Web-Banner-Update.jpg
Temple Bar,https://dynamic-media-cdn.tripadvisor.com/media/photo-o/1b/5b/0b/b1/reception.jpg?w=700&h=-1&s=1
Trinity College,https://www.usnews.com/dims4/USNEWS/9f8a2a4/17177859217/resize/800x540%3E/quality/85/?url=https%3A%2F%2Fmedia.beam.usnews.com%2Fd8%2F7205b4fda70c0b11adcec794bd15fc%2Fcollege-photo_23697.jpg
Ulusal Galeri,https://gezimanya.com/sites/default/files/styles/800x600_/public/gezilecek-yerler/2020-01/national-gallery1.jpg
Liberty Hall,https://factoryatfranklin.com/wp-content/uploads/2023/05/Liberty_Hall_29_1.jpg
Dublin Sightseeing,https://dynamic-media-cdn.tripadvisor.com/media/photo-o/07/a9/97/48/trinity-college.jpg?w=500&h=400&s=1
Dublin Grand Opera House,https://www.virtualvisittours.com/wp-content/uploads/2013/03/The-Grand-Opera-House.jpg
Sandymount Sahili,https://image.hurimg.com/i/hurriyet/75/770x0/62209b134e3fe01fa45b694e.jpg
Herbert Parkı,https://dynamic-media-cdn.tripadvisor.com/media/photo-o/1c/1c/63/ce/herbert-park-hotel-and.jpg?w=700&h=-1&s=1
Ilac Alışveriş Merkezi,https://i.pinimg.com/736x/39/69/41/39694196bfd2a2662fac14d57b5d0f74.jpg
The Cobblestone,https://www.spottedbylocals.com/dublin/files/the-cobblestone-dublin-by-ginger-greenidge.jpg
Dublin Hayvanat Bahçesi,https://cdn.ytur.net/fit-in/697x465/filters:quality(100)/filters:format(webp)/post/dublin-hayvanat-bahcesi-220403-210413-7071.jpg
Howth Kafa,https://st4.depositphotos.com/1064024/20638/i/450/depositphotos_206380360-stock-photo-howth-head-baily-lighthouse-dublin.jpg
Rynek Główny,https://upload.wikimedia.org/wikipedia/commons/thumb/1/18/Sukiennice_and_Main_Market_Square_Krakow_Poland.JPG/640px-Sukiennice_and_Main_Market_Square_Krakow_Poland.JPG
Wawel Katedrali,https://cdn.ytur.net/fit-in/697x465/filters:quality(100)/filters:format(webp)/post/wawel-katedrali-220324-183030-8932.jpg
Ulusal Müze Krakow,https://cdn.getyourguide.com/img/tour/60d46174b4a5a.jpeg/146.jpg
Wawel Kalesi,https://cdn.getyourguide.com/img/tour/604a227e4cd8c.jpeg/146.jpg
Krakow Alışveriş Merkezi,http://www.polonyadan.com/wp-content/uploads/2011/05/galeria_krakowska.jpg
Mariacki Kilisesi,https://media.istockphoto.com/id/1954865001/photo/st-mary-church-is-a-syriac-orthodox-church-in-diyarbakir-diyarbakir-turkey.jpg?s=612x612&w=0&k=20&c=3KHWyZu_XPbLgu6c1AOmbPxIfrauCQx7FzMhspKSubM=
Jordan Parkı,https://reservations.co.portage.wi.us/parks/i/li/l__jordan_park_entrance.jpg
Kryspinów Gölü,https://cdn.getyourguide.com/img/tour/7f603b6cf0373815.jpeg/146.jpg
Kazimierz Mahallesi,https://cdn.getyourguide.com/img/tour/60f93cc58cb40.jpeg/146.jpg
Anıt Meydanı,https://lookaside.fbsbx.com/lookaside/crawler/media/?media_id=1946148092097492
Sukiennice Meydan Çeşmesi,https://cdn.getyourguide.com/img/tour/5d1b6495064f8.jpeg/146.jpg
Krakow Sightseeing,https://discovercracow.com/sites/all/pliki/styles/colorbox_obraz_powiekszony/public/obrazy_tekst/krakow-or-warsaw-4-768x498.jpg?itok=TU5ZDd-D
St. Mary's Kilisesi,https://www.shutterstock.com/image-photo/istanbul-december-25-church-st-260nw-1051463300.jpg
Galeria Krakowska,https://media-cdn.tripadvisor.com/media/photo-s/1b/3e/30/44/galeria-krakowska.jpg
Pod Wawelem Pub,https://media-cdn.tripadvisor.com/media/photo-s/0e/db/15/ac/pod-wawelem.jpg
Wierzynek Restoranı,https://media-cdn.tripadvisor.com/media/photo-s/0b/02/1a/c5/wierzynek-s-room.jpg
Bulwar Wiślany,https://upload.wikimedia.org/wikipedia/commons/thumb/2/24/Bulwary_wi%C5%9Blane_w_Warszawie_2017a.jpg/640px-Bulwary_wi%C5%9Blane_w_Warszawie_2017a.jpg
Sukiennice Kulesi,https://www.shutterstock.com/image-photo/konak-square-street-view-old-260nw-1540990709.jpg
Galeria Sztuki Współczesnej Bunkier Sztuki,https://upload.wikimedia.org/wikipedia/commons/thumb/d/d7/Gallery_of_Contemporary_Art_%22Bunkier_Sztuki%22%2C_1965_design._Krystyna_Rozyska-Tolloczko%2C_3a_Szczepa%C5%84ski_square%2C_Old_Town%2C_Krakow%2C_Poland.jpg/800px-Gallery_of_Contemporary_Art_%22Bunkier_Sztuki%22%2C_1965_design._Krystyna_Rozyska-Tolloczko%2C_3a_Szczepa%C5%84ski_square%2C_Old_Town%2C_Krakow%2C_Poland.jpg
Las Wolski,https://media.tacdn.com/media/attractions-splice-spp-674x446/0b/39/8f/b4.jpg
Galleria Nazionale d'Arte Moderna,https://www.wantedinrome.com/i/preview/storage/uploads/2014/11/c1u7o801k.jpg
Palace Meydanı,https://upload.wikimedia.org/wikipedia/commons/thumb/c/c0/Turkish_and_Islamic_Arts_Museum_01.jpg/640px-Turkish_and_Islamic_Arts_Museum_01.jpg
Hermitage Müzesi,https://www.shutterstock.com/image-photo/palace-square-view-winter-which-260nw-2258660671.jpg
St. Isaac Katedrali,http://www.saint-petersburg.com/images/cathedrals/st-isaacs-cathedral/st-isaacs-cathedral-in-st-petersburg.jpg
Palace Köprüsü,http://www.saint-petersburg.com/images/bridges/palace-bridge/palace-bridge-in-st-petersburg.jpg
Nevsky Prospekt,http://www.saint-petersburg.com/images/virtual-tour/nevsky-prospect.jpg
Aleksandrovskiy Bahçesi,https://www.shutterstock.com/image-photo/view-on-moscow-red-square-600nw-672563596.jpg
Mariinsky Tiyatrosu,http://visit.spb.ru/wp-content/uploads/2016/05/mar3.jpg
Avtovo Metro İstasyonu,https://upload.wikimedia.org/wikipedia/commons/thumb/c/c8/Metro_SPB_Line1_Avtovo.jpg/800px-Metro_SPB_Line1_Avtovo.jpg
Anıt Meydanı,https://lookaside.fbsbx.com/lookaside/crawler/media/?media_id=1946148092097492
Summer Sarayı,https://i.pinimg.com/564x/81/c1/aa/81c1aa9b5ce1a6b11ddf0716eba4542a.jpg
İsaakievskaya Meydanı,https://st4.depositphotos.com/1053778/24882/i/450/depositphotos_248826058-stock-photo-palace-square-and-triumfalnaya-arka.jpg
Grand Peterhof Çeşmesi,https://st2.depositphotos.com/1000948/10360/i/450/depositphotos_103604190-stock-photo-grand-cascade-in-peterhof-st.jpg
Mariinsky Tiyatrosu,http://visit.spb.ru/wp-content/uploads/2016/05/mar3.jpg
Lenexpo Sergi Merkezi,https://img.yumpu.com/4315658/1/500x640/euro-fair-statistics-ufi.jpg
Petrogradskaya Plajı,https://st4.depositphotos.com/8296186/41004/i/450/depositphotos_410040688-stock-photo-monument-of-empress-elizabeth-in.jpg
Aurora Sineması,https://i.ytimg.com/vi/8-nRupBAiik/sddefault.jpg
Metro Club,https://encrypted-tbn0.gstatic.com/images?q=tbn:ANd9GcReg8tCeJU9v_I1czRvLKBqEbD3uFb4IJRoDPaQb6588w&s
Palkin Restoran,http://www.saint-petersburg.com/images/dining/palkin/palkin-st-petersburg.jpg
StereoPub,https://lookaside.fbsbx.com/lookaside/crawler/media/?media_id=608706117612946
Money Honey Gece Kulübü,https://dynamic-media-cdn.tripadvisor.com/media/photo-o/0b/5d/d3/3f/gece-havuz-manzarasi.jpg?w=700&h=-1&s=1
Kopenhag Sofra Restoranı,http://satedepicure.com/wp-content/uploads/2012/01/Sofra-Front-Counter.jpg
Café Victor Restoranı,https://encrypted-tbn0.gstatic.com/images?q=tbn:ANd9GcT2TGr6ka9jdC1NwPg4MyHPLD2it-Ty9Dbzp5WWWVYEhg&s
Belém Kulesi,https://upload.wikimedia.org/wikipedia/commons/thumb/6/65/Torre_Bel%C3%A9m_April_2009-4a.jpg/640px-Torre_Bel%C3%A9m_April_2009-4a.jpg
Jerónimos Manastırı,https://upload.wikimedia.org/wikipedia/commons/thumb/d/d6/The_Jer%C3%B3nimos_Monastery_or_Hieronymites_Monastery.png/800px-The_Jer%C3%B3nimos_Monastery_or_Hieronymites_Monastery.png
St. George Kalesi,https://www.stone-ideas.com/wordpress/wp-content/uploads/2018/05/Royal-Wedding18-1.jpg
Lizbon Tramvayları,https://im.haberturk.com/l/2023/10/02/ver1696256303/3626267/jpg/640x360
Santa Justa Asansörü,https://media.istockphoto.com/id/1446976842/photo/santa-justa-elevator-in-lisbon.jpg?s=612x612&w=0&k=20&c=ka5QVLfAmS2_f88aA8ADntgprT6dt8zNW0e0p2YFz90=
Liberdade Caddesi,https://dynamic-media-cdn.tripadvisor.com/media/photo-o/0d/dc/16/5a/fb-img-1480517481105.jpg?w=1200&h=-1&s=1
Lizbon Botanik Bahçesi,https://cdn.ytur.net/fit-in/697x465/filters:quality(100)/filters:format(webp)/post/estufa-fria-230222-182748-9191.jpg
Belem Sahili,https://dynamic-media-cdn.tripadvisor.com/media/photo-o/2b/d2/16/17/hotel-view.jpg?w=700&h=-1&s=1
Mercado da Ribeira,https://assets2.devourtours.com/wp-content/uploads/Mercado-da-Ribeira-Lisbon.jpg
Comércio Meydanı Tramvay Durağı,https://cdn.getyourguide.com/img/tour/8072063cc51f2f7a.jpeg/97.jpg
Alfama Mahallesi,https://cdn.ytur.net/fit-in/697x465/filters:quality(100)/filters:format(webp)/post/alfama-1-220706-085525-9925.jpg
São Vicente de Fora Kilisesi,https://upload.wikimedia.org/wikipedia/commons/thumb/e/ef/Igreja_e_Mosteiro_de_S%C3%A3o_Vicente_de_Fora.jpg/640px-Igreja_e_Mosteiro_de_S%C3%A3o_Vicente_de_Fora.jpg
Altice Arena,https://www.iq-mag.net/wp-content/uploads/2023/10/52470271932_286ea795a6_c-jpg.webp
King Dom Pedro IV Heykeli,https://st4.depositphotos.com/5539612/25281/i/450/depositphotos_252818328-stock-photo-porto-portugal-march-2019-monument.jpg
Eduardo VII Parkı,https://media.tacdn.com/media/attractions-splice-spp-674x446/0b/39/80/c0.jpg
Berardo Sanat Koleksiyonu,https://turkishairlinesblog.b-cdn.net/wp-content/uploads/2022/10/berardo-koleksiyonu-mu%CC%88zesi.jpg
Estádio da Luz,https://cdn.getyourguide.com/img/tour/7350596f6459c819.jpeg/97.jpg
Lizbon Müzik Salonu,https://resources.koha.net/images/2023/March/22/Filharmonia_Portugal_11679439610.jpg?q=90&w=860&h=550&r=fill
Santo Amaro Plajı,https://dynamic-media-cdn.tripadvisor.com/media/photo-o/24/88/40/63/caption.jpg?w=1200&h=-1&s=1
Restaurante Sacramento,https://media-cdn.tripadvisor.com/media/photo-s/1c/dd/89/fd/restaurante-sacramento.jpg
Sea Me Peixaria Moderna,https://media-cdn.tripadvisor.com/media/photo-s/04/8d/1a/af/sea-me-peixaria-moderna.jpg
Time Out Market Lisboa,https://media.timeout.com/images/105780024/750/562/image.jpg
Ponto Final,https://media-cdn.tripadvisor.com/media/photo-s/10/6d/d2/63/photo3jpg.jpg
Bairro do Avillez,https://media-cdn.tripadvisor.com/media/photo-s/1b/aa/71/df/pateo-bairro-do-avillez.jpg
Stortorget Meydanı,https://images.freeimages.com/images/premium/previews/1388/13887342-stortorget-square-at-night-stockholm.jpg
Four Seasons Hotel Ritz Lisbon,https://dynamic-media-cdn.tripadvisor.com/media/photo-o/2a/12/01/ac/deluxe-one-bedroom-suite.jpg?w=700&h=-1&s=1
Residencial Florescente,https://dynamic-media-cdn.tripadvisor.com/media/photo-o/22/b9/78/80/residencial-florescente.jpg?w=700&h=-1&s=1
Vasa Müzesi,"https://img.pixers.pics/pho_wat(s3:700/FO/61/33/41/00/700_FO61334100_df6d61f8b38d950afb0b6cae20999375.jpg,700,467,cms:2018/10/5bd1b6b8d04b8_220x50-watermark.png,over,480,417,jpg)/wall-murals-vasa-museum-in-stockholm-sweden.jpg.jpg"
Hotel da Baixa,https://media-cdn.tripadvisor.com/media/photo-s/1c/fc/df/29/hotel-da-baixa.jpg
Kraliyet Sarayı,https://media-cdn.tripadvisor.com/media/photo-s/19/76/19/e0/madrid-kraliyet-sarayi.jpg
Drottninggatan,https://blogger.googleusercontent.com/img/b/R29vZ2xl/AVvXsEjBFjxyuRFmYEw8epWry-fj4zx5TAsmQopOTTlF7GlvNEthXkdI-hVVnZEf3i5TVWjJ9hcOgR1luPzdE5f4mEzRYsbL4rEn-mJDIYJcxO0sCcx54Eh3ZxGhBeg9h5leTjyGWsUMLVuBKzg/s1600/dro4.jpg
Hotel Alif Avenida,https://dynamic-media-cdn.tripadvisor.com/media/photo-o/05/8c/ce/ff/the-hotel--v1801729-56.jpg?w=700&h=-1&s=1
The Lumiares Hotel & Spa,https://dynamic-media-cdn.tripadvisor.com/media/photo-o/0f/f6/81/aa/the-lumiares.jpg?w=700&h=-1&s=1
Kungsträdgården,https://t3.ftcdn.net/jpg/05/01/38/74/360_F_501387412_vp16BkcmKCQvxYDhpTI46bYxGziI5hsw.jpg
Storkyrkan,https://www.routesnorth.com/wp-content/uploads/2014/10/storkyrkan-stockholm-cathedral.jpg
Vasabron,https://upload.wikimedia.org/wikipedia/commons/thumb/a/ad/Vasabron_September_2006.jpg/800px-Vasabron_September_2006.jpg
St. George ve Ejderha Heykeli,https://media.istockphoto.com/id/1480621918/tr/foto%C4%9Fraf/saint-george-slaying-the-dragon-statue-berlin-germany.jpg?s=612x612&w=0&k=20&c=JtXZdBzLV_sYDb-epqVqYHOE73FtePABHAawOmxZjBc=
Hotorget Pazarı,https://www.mdpi.com/sustainability/sustainability-13-03446/article_deploy/html/images/sustainability-13-03446-g003-550.jpg
Nya Carnegiebryggeriet,https://media-cdn.tripadvisor.com/media/photo-s/13/7e/13/d6/jack-ipa-kellerbier-and.jpg
Stockholm Kalesi,https://assets.dm.rccl.com/is/image/RoyalCaribbeanCruises/royal/ports-and-destinations/ports/sinop-turkey/overview/sinop-castle-kalesi-turkey.jpg?$750x320$
Skeppsholmen Plajı,https://media-cdn.tripadvisor.com/media/photo-s/18/ad/4b/68/hotel-skeppsholmen.jpg
Stockholm Fuar ve Kongre Merkezi,"https://imgcy.trivago.com/c_limit,d_dummy.jpeg,f_auto,h_600,q_auto,w_600//partner-images-stage/d4/55/24c03572614c69dc5ec10350c33758b2e7631da97d5de3fa009231ea45bc.jpeg"
Riddarfjärden Gölü,https://dynamic-media-cdn.tripadvisor.com/media/photo-o/1a/d7/13/28/caption.jpg?w=1200&h=-1&s=1
Djurgården Parkı,https://upload.wikimedia.org/wikipedia/commons/4/4d/Djurgarden.jpg
Djurgården Adası,https://upload.wikimedia.org/wikipedia/commons/4/4d/Djurgarden.jpg
Gamla Stan Tarihi Sokakları,https://st4.depositphotos.com/1591133/26743/i/450/depositphotos_267438204-stock-photo-gamla-stan-at-twilight-stockholm.jpg
Kraliyet İsveç Opera Binası,https://upload.wikimedia.org/wikipedia/commons/b/b8/Kungliga-operan-2003-04-14.jpg
Kraliyet İsveç Sarayı,https://image.hurimg.com/i/hurriyet/75/770x0/5ff6bf602269a20600f1301c.jpg
Grand Hotel Stockholm,https://static-new.lhw.com/HotelImages/Final/LW1502/lw1502_98664147_720x450.jpg
City Lodge Hostel,https://cf.bstatic.com/xdata/images/hotel/max500/25442111.jpg?k=608ef57c3a0f9bdaef856924f452a4e5c79d75fccaab8263ff74a1763f2f8428&o=&hp=1
Scandic Grand Central Stockholm,https://media-cdn.tripadvisor.com/media/photo-s/2b/ba/40/2b/scandic-grand-central.jpg
Comfort Hotel Stockholm,https://media-cdn.tripadvisor.com/media/photo-s/05/ed/a1/2b/breakfast.jpg
Restaurang Prinsen,https://media-cdn.tripadvisor.com/media/photo-s/05/26/d8/58/restaurang-prinsen.jpg
Restaurang Mårten Trotzig,https://media-cdn.tripadvisor.com/media/photo-s/11/74/53/04/extrior.jpg
Sjöcaféet Restoranı,https://media.istockphoto.com/id/1302418150/photo/nordiska-museum-and-floating-restaurant-in-stockholm.jpg?s=612x612&w=0&k=20&c=1dF1hwq_A_GM23ZhyZ-W4gcGgxdIT0jeb-qx3yO7mss=
Ulriksdals Wärdshus Restoranı,https://media-cdn.tripadvisor.com/media/photo-s/0f/4e/fc/23/julbord-entreplan.jpg
Stadshuskällaren Restoranı,https://media-cdn.tripadvisor.com/media/photo-s/17/42/fd/48/a-peek-into-stadshuskallarens.jpg
Helsinki Katedrali,https://dynamic-media-cdn.tripadvisor.com/media/photo-o/11/93/db/2c/uspenskin-cathedral-helsinki.jpg?w=1200&h=-1&s=1
Suomenlinna Adası,https://cdn.ytur.net/fit-in/697x465/filters:quality(100)/filters:format(webp)/post/suomenlinna-adasi-220331-172259-6367.jpg
Esplanadi Parkı,https://upload.wikimedia.org/wikipedia/commons/thumb/4/44/Esplanadi%2C_Helsinki%2C_Finlandia%2C_2012-08-14%2C_DD_01.JPG/800px-Esplanadi%2C_Helsinki%2C_Finlandia%2C_2012-08-14%2C_DD_01.JPG
Ateneum Sanat Müzesi,https://cdn.ytur.net/fit-in/697x465/filters:quality(100)/filters:format(webp)/post/ateneum-muzesi-1-220331-172952-0252.jpg
Aleksanterinkatu Alışveriş Caddesi,https://media.istockphoto.com/id/647378580/tr/foto%C4%9Fraf/aleksanterinkatu-al%C4%B1%C5%9Fveri%C5%9F-caddesi-tramvay-downtown-helsinki-finlandiya-ile.jpg?s=612x612&w=is&k=20&c=gzj--ZcZO7DBArf2T8ry_d8IIyh5g8GhuXRIUMwSo84=
Toolonlahti Gölü,https://media.istockphoto.com/id/873699178/photo/toolonlahti-bay.jpg?s=612x612&w=is&k=20&c=6UQbcZmjpj7vHgQHkA8xf2LpYEZmgmbFfGbT3s93M_g=
Helsinki Limanı,https://media.istockphoto.com/id/1085504610/photo/helsinki-harbor-with-city-skyline-finland-summer.jpg?s=612x612&w=0&k=20&c=c09Hla-Z4VCTfodrPD8po1bVRW7_o8KDhJJTu8fu74E=
Uspenski Katedrali,https://dynamic-media-cdn.tripadvisor.com/media/photo-o/11/93/db/2c/uspenskin-cathedral-helsinki.jpg?w=1200&h=-1&s=1
Sibelius Anıtı,https://www.civitatis.com/f/finlandia/helsinki/galeria/monumento-sibelius.jpg
Kamppi Gökdeleni,https://www.haberdesiniz.com/images/haberler/2024/03/basaksehir_de_egitim_mi_yoksa_gokdelen_mi_h11193_b4962.jpg
Senate Meydanı,https://media.istockphoto.com/id/1215571078/photo/helsinki-cathedral-and-tzar-alexander-ii-monument-on-senate-square-finland.jpg?s=170667a&w=0&k=20&c=W-vVNs4L1Mvn7ldjqJ--UrtSey0AA1CbXRC3u_4HQ4g=
Kaivopuisto Parkı,https://cf.bstatic.com/xdata/images/landmark/1020x340/181892.jpg?k=a424c261234afd233192e1486d94d446063301fca031e29c472f94b84a1123cb&o=
Hietaniemi Plajı,https://st2.depositphotos.com/8476650/47964/v/600/depositphotos_479641172-stock-video-the-cemetery-surrounding-the-hietaniemi.jpg
Finlandiya Ulusal Opera ve Bale Tiyatrosu,https://lifeartsanat.files.wordpress.com/2016/11/img_9341.jpg?w=400
Messukeskus Helsinki - Fuar ve Kongre Merkezi,https://assets.isu.pub/document-structure/230314151941-5a5b2c5039f861d25bf7223d7b9ef24b/v1/e9fca9c0ade76e25e43af2332c4bff1c.jpeg
Esplanadi Caddesi,"https://evisa-to-turkey.com/cdn-cgi/image/format=auto,fit=contain,width=600/https://evisa-to-turkey.com/images/helsinki-finland-kanavaranta-street-with-uspenski-cathedral-in-winter-morning.webp"
Stockmann Alışveriş Merkezi,https://st4.depositphotos.com/12849328/22363/i/450/depositphotos_223635366-stock-photo-riga-oct-stockmann-front-view.jpg
Havis Amanda Heykeli,https://cdn.ytur.net/fit-in/697x465/filters:quality(100)/filters:format(webp)/post/havis-amanda-heykeli-231213-194303-7280.jpg
Helsinki - Rovaniemi Tren Yolculuğu,https://i.ytimg.com/vi/mMl2-HPY6kw/hq720.jpg?sqp=-oaymwEhCK4FEIIDSFryq4qpAxMIARUAAAAAGAElAADIQj0AgKJD&rs=AOn4CLCGDqmtY6GURK313YX2YXRUtckXmg
Sinebrychoff Parkı,https://vihreatsylit.fi/hp/wp-content/uploads/2020/11/etela_Sinebrychoffinpuisto_Kuvio.jpg
Tekniska Museet Helsinki,https://phgcdn.com/images/uploads/POIs/images/Sweden/Image_of_Tekniska_Museet_Historic_Hotels_Worldwide.JPG
Hotel Kämp,https://static-new.lhw.com/HotelImages/Final/LW0351/lw0351_145269951_720x450.jpg
Berns Oteli,https://dynamic-media-cdn.tripadvisor.com/media/photo-o/2a/82/ce/bb/berns-hotel.jpg?w=700&h=-1&s=1
Hostel Diana Park,https://www.dianapark.fi/wp-content/uploads/2020/03/8_bed_room_3.jpg
GLO Hotel Kluuvi,https://dynamic-media-cdn.tripadvisor.com/media/photo-o/2b/53/fa/3e/hotel-exterior.jpg?w=700&h=-1&s=1
Scandic Kaisaniemi,https://media-cdn.tripadvisor.com/media/photo-s/1d/c0/b7/f7/scandic-kaisaniemi-facade.jpg
Restaurant Savoy,https://media-cdn.tripadvisor.com/media/photo-s/28/e9/02/98/restaurant.jpg
Ravintola Lasipalatsi,https://media-cdn.tripadvisor.com/media/photo-s/06/a5/95/9d/ravintola-lasipalatsi.jpg
Ravintola Savoy,https://media-cdn.tripadvisor.com/media/photo-s/07/47/8b/7f/ravintola-savoy.jpg
Ravintola Story,https://images.squarespace-cdn.com/content/v1/5ac137dcaf20962396c24753/13dda4e3-4aed-4cf4-81e3-adb3693e48ce/Brand-%24tory.png
Savotta Restoranı,https://media-cdn.tripadvisor.com/media/photo-s/14/e8/53/18/savotta-on-senate-square.jpg
Hotel Lilla Roberts,https://cf.bstatic.com/xdata/images/hotel/max500/52830083.jpg?k=61b5d488d1ea4ade7c1728d485333f90f92b3f824acc3a105caf1f315ae00700&o=&hp=1
Akershus Kalesi,https://media.istockphoto.com/id/487168684/fr/photo/ch%C3%A2teau-fort-dakershus-gros-plan.jpg?s=612x612&w=0&k=20&c=4rguM7JrPUzEbrZaLU6JvbuDrxVTjtywjR6P66fu1PU=
Oslo Munch Müzesi,"https://www.munchmuseet.no/globalassets/foto-munch/the-mother/moren3.jpg?w=500&h=333&mode=Crop&quality=50&crop=198,0,1280,721"
Vigeland Skulpturpark,https://i.ebayimg.com/images/g/OEAAAOSwoE9jO0wP/s-l400.jpg
Norsk Folkemuseum,https://dms-cf-03.dimu.org/image/022waVMAuB5y?dimension=800x800
Oslo Katedrali,https://i.pinimg.com/736x/5e/1d/d2/5e1dd2c2b2c107f6ee0dff687205a6a5.jpg
Oslo Limanı,https://mms.businesswire.com/media/20140710005784/en/423667/4/Illustrasjon_av_den_nye_containerterminalen_p%C3%A5_Sjurs%C3%B8ya.jpg
Güneş Heykeli,https://i0.shbdn.com/photos/08/03/68/x5_11510803682xc.jpg
Karl Johans Gate,https://media.tacdn.com/media/attractions-splice-spp-674x446/0b/39/a1/80.jpg
Gronland Mahallesi, https://dynamic-media-cdn.tripadvisor.com/media/photo-o/14/92/da/1c/hotel-greenland.jpg?w=700&h=-1&s=1
Frogner Parkı,https://kasadoo.com/assets/site/images/Norway/Oslo/Sights/Frogner-Park/Frogner-Park-oslo.jpg
Oslo - Bergen Tren Yolculuğu,https://i.ytimg.com/vi/k4ikWNFmof0/hqdefault.jpg
Oslo Modern Sanat Müzesi,https://media.gettyimages.com/id/1491517318/photo/istanbul-turkiyepresident-recep-tayyip-erdo%C4%9Fan-and-oya-eczac%C4%B1ba%C5%9F%C4%B1-during-a-visit-to-the.jpg?s=612x612&w=gi&k=20&c=JmngLwQFip8weknRwFhdO8j_7bKMIMzBkMbNRrq7cKE=
Huk Plajı,https://www.worldbeachguide.com/photos/large/ilica-beach.jpg
Norsk Teknisk Museum,https://upload.wikimedia.org/wikipedia/commons/thumb/9/9e/Norsk_Teknisk_Museum_TRS_070501_011.jpg/800px-Norsk_Teknisk_Museum_TRS_070501_011.jpg
Nobel Barış Ödülü Merkezi,https://i.ytimg.com/vi/MSwF_kWVL4w/hqdefault.jpg
Vigeland-Munch Sergi,https://thumbs.dreamstime.com/b/perspective-view-frogner-park-oslo-norway-july-famous-vigeland-sculpture-installation-63901357.jpg
Viking Gemi Müzesi,https://www.vikingtidsmuseet.no/english/news/v1_ohpm_final_dn-clear1200px.jpg?alt=listing
Folkemuseum - Kon-Tiki Müzesi,https://i.ytimg.com/vi/DX6_lpjhINo/sddefault.jpg
Aker Brygge,https://media-cdn.tripadvisor.com/media/photo-s/16/5c/f9/55/aker-brygge-by-day.jpg
Oslo Dom Kilisesi,https://img1.advisor.travel/555x465px-Oslo_Cathedral_17.jpg
The Thief,https://static01.nyt.com/images/2014/01/19/travel/19CHECKIN1_SPAN/2SUB19CHECKIN1-articleLarge.jpg?quality=75&auto=webp&disable=upscale
Hotel Continental,https://dynamic-media-cdn.tripadvisor.com/media/photo-o/14/c7/8c/39/hotel-continental-genova.jpg?w=700&h=-1&s=1
Saga Hotel Oslo Central,https://dynamic-media-cdn.tripadvisor.com/media/photo-o/1c/dc/c8/d7/kil.jpg?w=700&h=-1&s=1
Grand Hotel Oslo,https://media-cdn.tripadvisor.com/media/photo-s/2b/90/c6/bf/grand-hotel-exterior.jpg
Hotel Christiania Teater,https://dynamic-media-cdn.tripadvisor.com/media/photo-o/0c/e5/84/fc/exterior.jpg?w=700&h=-1&s=1
Maaemo,https://www.theworlds50best.com/filestore/jpg/W50BR2021-150-Maaemo-2.jpg
Ekebergrestauranten,https://upload.wikimedia.org/wikipedia/commons/thumb/5/51/Ekebergrestauranten_fra_nord.JPG/800px-Ekebergrestauranten_fra_nord.JPG
Villa Paradiso Grünerløkka,https://assets-global.website-files.com/5c77c5f7f7364239e114229f/5c8bde9591b3ac184cb5260d_Frogner-fasade_listebilde.png
Brasserie France,https://media-cdn.tripadvisor.com/media/photo-s/0b/c7/46/83/le-chariot-des-desserts.jpg
Egon,https://a1cf74336522e87f135f-2f21ace9a6cf0052456644b80fa06d4f.ssl.cf2.rackcdn.com/images/characters/large/800/Egon-Spengler.Ghostbusters.webp
71 Nyhavn Hotel,https://dynamic-media-cdn.tripadvisor.com/media/photo-o/0e/2d/74/e6/71-nyhavn-hotel.jpg?w=700&h=-1&s=1
St. Olaf Kilisesi,https://media-cdn.tripadvisor.com/media/photo-s/0c/df/88/03/st-olaf-kilisesi-nin.jpg
Tallinn Belediye Sarayı,https://dynamic-media-cdn.tripadvisor.com/media/photo-o/12/6f/f9/43/meva-hotel.jpg?w=500&h=400&s=1
Tallinn Şehir Duvarları,https://cdn.getyourguide.com/img/tour/be41a06434b86146.png/97.jpg
Kadriorg Sarayı,https://upload.wikimedia.org/wikipedia/commons/thumb/5/5e/Tallinn_asv2022-04_img55_Kadriorg_Palace.jpg/800px-Tallinn_asv2022-04_img55_Kadriorg_Palace.jpg
Tallinn Hayvanat Bahçesi,https://cdn.ytur.net/fit-in/697x465/filters:quality(100)/filters:format(webp)/post/tallinn-hayvanat-bahcesi-220405-185156-3246.jpg
Tallinn Film Müzesi,https://l450v.alamy.com/450v/2a5kpg0/estonian-health-care-museum-tallinn-estonia-2a5kpg0.jpg
Tallinn TV Kulesi,https://www.shutterstock.com/image-photo/tallinn-tvtower-pirita-surrounded-by-260nw-1375110122.jpg
Lennusadam Müzesi,https://dynamic-media-cdn.tripadvisor.com/media/photo-o/10/05/d6/51/20170531-164240-largejpg.jpg?w=400&h=-1&s=1
Kumu Sanat Müzesi,https://blog.yurtdisitatilim.com/wp-content/uploads/2023/10/Kumu-Sanat-Muzesi.png
Telliskivi Creative City,https://images.squarespace-cdn.com/content/v1/60da2a060458516d04fb196a/0e3dc3ff-4717-49c9-85ae-af50f3cf4a57/Telliskivi+Creative+City.JPG
Tallinn Botanik Bahçesi,https://st4.depositphotos.com/1000325/19750/i/450/depositphotos_197505106-stock-photo-flowerbeds-in-kadriorg-park-tallinn.jpg
Tallinn Zoo,https://media-cdn.tripadvisor.com/media/photo-s/18/8f/3c/b1/the-african-savanna-elephant.jpg
Katariina Kivi Anıtı,https://ak-d.tripcdn.com/images/1mi6q4224wl7krlkg119F_W_400_0_R5_Q90.jpg?proc=source/trip
Lauluväljak,https://upload.wikimedia.org/wikipedia/commons/thumb/2/20/Estonia_-_Flickr_-_Jarvis-4.jpg/800px-Estonia_-_Flickr_-_Jarvis-4.jpg
Pirita Plajı,https://cf.bstatic.com/xdata/images/district/1020x340/51094.jpg?k=b1f130637ac8b3e50ff5bfd4a2d43bac701f7bec64e8095376395809ea50c4cc&o=
Tallinn Tarih Müzesi,https://l450v.alamy.com/450v/2a5kpg0/estonian-health-care-museum-tallinn-estonia-2a5kpg0.jpg
Patarei Deniz Kalesi,https://us.123rf.com/450wm/mathess/mathess1801/mathess180101179/92968830-estonya-n%C4%B1n-tallinn-%C5%9Fehrinde-patarei-eski-deniz-kalesi-ve-hapishane.jpg
Vabaduse Väljak,https://upload.wikimedia.org/wikipedia/commons/4/49/Voidusammas590.jpg
Tallinn Yıldız Gözlemevi,https://st4.depositphotos.com/22290170/23892/i/450/depositphotos_238922590-stock-photo-griffith-observatory-city-skyline-los.jpg
Swissôtel Tallinn,https://dynamic-media-cdn.tripadvisor.com/media/photo-o/07/01/98/73/pool-view.jpg?w=700&h=-1&s=1
Hotel Telegraaf,https://dynamic-media-cdn.tripadvisor.com/media/photo-o/2a/ef/ec/0d/presidential-suite-bedroom.jpg?w=700&h=-1&s=1
Hestia Hotel Susi,https://dynamic-media-cdn.tripadvisor.com/media/photo-o/10/8b/38/93/caption.jpg?w=700&h=-1&s=1
Park Inn by Radisson Meriton Conference & Spa Hotel Tallinn,https://dynamic-media-cdn.tripadvisor.com/media/photo-o/0a/6c/c0/1d/aqua-sauna-center.jpg?w=700&h=-1&s=1
Radisson Blu Hotel Olümpia,https://upload.wikimedia.org/wikipedia/en/thumb/f/f2/Liivalaia_street_and_hotel_Ol%C3%BCmpia.jpg/800px-Liivalaia_street_and_hotel_Ol%C3%BCmpia.jpg
Olde Hansa,https://media-cdn.tripadvisor.com/media/photo-s/28/ed/2f/70/olde-hansa-s-second-floor.jpg
Rataskaevu 16,https://media-cdn.tripadvisor.com/media/photo-s/04/10/ba/0e/rataskaevu16.jpg
Noa Restoran,https://media-cdn.tripadvisor.com/media/photo-s/15/84/4b/d5/noa-restaurant.jpg
F-Hoone,https://media-cdn.tripadvisor.com/media/photo-s/02/99/72/c2/filename-1-saal-jpg-thumbnail0.jpg
NOP,https://i.ytimg.com/vi/Z5h08vqTiSU/hq720.jpg?sqp=-oaymwE7CK4FEIIDSFryq4qpAy0IARUAAAAAGAElAADIQj0AgKJD8AEB-AH-CYAC0AWKAgwIABABGEsgZShSMA8=&rs=AOn4CLDIlMRprvufQ8yJo-nE3fD60lIK5A
Riga Katedrali,https://gezimanya.com/sites/default/files/styles/800x600_/public/gezilecek-yerler/2019-11/image-riga_katedrali.jpg
Riga Ormanı,https://blog.turkishairlines.com/wp-content/uploads/2022/10/belgrad-ormani-istanbul.jpg
Özgürlük Anıtı,https://seyler.ekstat.com/img/max/800/2/2HyKiDWK6ZcfqbJu-637799289012322053.jpg
Riga Belediye Sarayı,https://cdn.getyourguide.com/img/tour/4d12690cec22263ff3da7559080854dc510bfb10604addf7c3f8b6fdbcb9e09f.jpeg/146.jpg
Riga Merkez Pazarı,https://cdn.ytur.net/fit-in/697x465/filters:quality(100)/filters:format(webp)/post/riga-merkez-pazari-220405-161405-0270.jpg
St. Peter's Kilisesi,https://upload.wikimedia.org/wikipedia/commons/thumb/2/2e/ChurchSaintPeterAntakya.jpg/640px-ChurchSaintPeterAntakya.jpg
Riga Motor Müzesi,https://upload.wikimedia.org/wikipedia/commons/thumb/c/c7/RigasMotormuzejs.png/640px-RigasMotormuzejs.png
Riga Hayvanat Bahçesi,https://st3.depositphotos.com/1000800/33855/i/450/depositphotos_338550510-stock-photo-four-young-giraffes-eating-hay.jpg
Riga Merkez Kütüphanesi,https://cdn.getyourguide.com/img/tour/18d6d5b4cb5ae470.jpeg/146.jpg
Latvijas Dizain Müzesi,https://as1.ftcdn.net/v2/jpg/01/66/10/84/1000_F_166108469_YxVYdajlEqlbeIvCqVd32epVlPAybOE0.jpg
Riga Film Müzesi,https://i.ytimg.com/vi/T0xqwMvHFW0/sddefault.jpg
Bastejkalns Parkı,https://www.mediastorehouse.com/p/251/bastion-hill-park-bastejkalns-park-19411725.jpg.webp
Riga Ghetto ve Holokost Müzesi,https://www.yadvashem.org/sites/default/files/800X500px.jpg
Riga Teknoloji Müzesi,https://cdn.getyourguide.com/img/tour/6453ee26cd6b1.jpeg/97.jpg
Riga Doğa Tarihi Müzesi,https://dynamic-media-cdn.tripadvisor.com/media/photo-o/0e/5f/42/9a/pool--v15656169.jpg?w=700&h=-1&s=1
Riga Sanat Müzesi,https://upload.wikimedia.org/wikipedia/commons/b/be/Riga_nicholas_street.jpg
Riga Arkeoloji Müzesi,https://dynamic-media-cdn.tripadvisor.com/media/photo-o/14/b4/41/de/fruhstuck-4.jpg?w=700&h=-1&s=1
Riga Fotoğraf Müzesi,https://upload.wikimedia.org/wikipedia/commons/thumb/c/c7/RigasMotormuzejs.png/640px-RigasMotormuzejs.png
Grand Poet Hotel by Semarah,https://dynamic-media-cdn.tripadvisor.com/media/photo-o/12/31/8e/7a/standard-room.jpg?w=700&h=-1&s=1
Radisson Blu Hotel Latvija,https://dynamic-media-cdn.tripadvisor.com/media/photo-o/2a/85/41/55/exterior-view.jpg?w=700&h=-1&s=1
Hotel Bergs,https://dynamic-media-cdn.tripadvisor.com/media/photo-o/28/f1/6f/a6/hotel-bergs-suites.jpg?w=700&h=-1&s=1
Wellton Centrum Hotel & SPA,https://dynamic-media-cdn.tripadvisor.com/media/photo-o/18/81/c7/3e/hotel-facade.jpg?w=700&h=-1&s=1
Rixwell Elefant Hotel,https://dynamic-media-cdn.tripadvisor.com/media/photo-o/03/a9/70/62/wellton-elefant-hotel.jpg?w=700&h=-1&s=1
Restorāns 3,https://www.ocregister.com/wp-content/uploads/2024/01/OCR-L-OLIVER-1215-05-PB-2.jpg?w=510
Ferma,https://images.trvl-media.com/lodging/49000000/48240000/48233000/48232962/f9499bbf.jpg?impolicy=resizecrop&rw=575&rh=575&ra=fill
Restorāns Valmiermuiža,https://media-cdn.tripadvisor.com/media/photo-s/11/3d/cc/84/img-20171111-115505-hdr.jpg
Lido Alus Sēta,https://media-cdn.tripadvisor.com/media/photo-s/06/b4/cd/3d/lido-alus-seta.jpg
Bibliotēka No1,https://cdntest.db.lv/lvold/735/2019/articles/2019/04/486515__5cc043dc12670.jpg
Rocco Forte Hotel Amigo,https://static-new.lhw.com/HotelImages/Final/LW0203/lw0203_80212690_720x450.jpg